epsilon,f1score,precision,recall
0.005,0.0,0,0.0
0.02,0.06451612903225806,1.0,0.03333333333333333
0.05,0.2733812949640288,1.0,0.15833333333333333
0.2,0.7491039426523297,0.6572327044025157,0.8708333333333333
0.6,0.08995502248875563,0.04709576138147567,1.0
1.0,0.08920539730134933,0.046703296703296704,0.9916666666666667
