epsilon,report_prob,report_thresh_R,sampling_prob,f1_score
0.2,0.03691671588895452,1,1.0,0.46710526315789475
0.2,0.044300059066745424,1,1.0,0.4485981308411215
